-- phpMyAdmin SQL Dump
-- version 5.1.1
-- https://www.phpmyadmin.net/
--
-- Host: 127.0.0.1
-- Generation Time: May 29, 2022 at 01:50 AM
-- Server version: 10.4.21-MariaDB
-- PHP Version: 8.0.12

SET SQL_MODE = "NO_AUTO_VALUE_ON_ZERO";
START TRANSACTION;
SET time_zone = "+00:00";


/*!40101 SET @OLD_CHARACTER_SET_CLIENT=@@CHARACTER_SET_CLIENT */;
/*!40101 SET @OLD_CHARACTER_SET_RESULTS=@@CHARACTER_SET_RESULTS */;
/*!40101 SET @OLD_COLLATION_CONNECTION=@@COLLATION_CONNECTION */;
/*!40101 SET NAMES utf8mb4 */;

--
-- Database: `xts_db`
--

-- --------------------------------------------------------

--
-- Table structure for table `branches`
--

CREATE TABLE `branches` (
  `id` int(30) NOT NULL,
  `branch_code` varchar(50) NOT NULL,
  `street` text NOT NULL,
  `city` text NOT NULL,
  `state` text NOT NULL,
  `zip_code` int(11) NOT NULL,
  `country` text NOT NULL,
  `contact` varchar(20) NOT NULL,
  `date_created` datetime NOT NULL DEFAULT current_timestamp()
) ENGINE=InnoDB DEFAULT CHARSET=utf8mb4;

--
-- Dumping data for table `branches`
--

INSERT INTO `branches` (`id`, `branch_code`, `street`, `city`, `state`, `zip_code`, `country`, `contact`, `date_created`) VALUES
(1, '0O6rFyf1s7vwRoJ', '16 avenue el hajeb, Lotissement Attar, M\'hannech 2', 'Tétouan', 'Tanger-Tétouan-Al Hoceima', 93000, 'Maroc', '+212 639493900', '2022-03-27 00:56:40'),
(2, 'W6qKaEXFb2nuOsx', '48, Avenue dahab, Souani', 'Tanger', 'Tanger-Tétouan-Al Hoceima', 96587, 'Maroc', '000000000', '2022-03-27 00:57:17'),
(3, 'LvDr7AQaP8KYx3i', 'eeu-yety', 'jrtyj', 'jrtuj', 0, 'ryujry', 'ryujr', '2022-04-12 18:45:07'),
(4, 'PcdADwvSkh2QjaZ', 'fghsf', 'gfg', 'ggg', 0, 'ggg', 'ggg', '2022-04-12 19:57:06'),
(5, 'FnQt3PprhZ9dBSK', 'xghnx', 'fgndf', 'gnfg', 0, 'fg', 'fg', '2022-04-12 20:13:39'),
(6, 'kTeMC5N3yO1valu', 'ghgjhhg', 'hghh', 'hhh', 0, 'ghggh', 'ghgh', '2022-04-12 20:18:22'),
(7, 'UcKxqWjhbdAsVSu', 'ghjngdhdg', 'hjdgjh', 'gdh', 0, 'jghj', 'ghj', '2022-04-12 20:19:01'),
(8, 'TPtAOj3Udo8YlCB', 'fg', 'fgg', 'gg', 0, 'gg', 'fgg', '2022-04-12 20:25:54'),
(9, 'qfiygmSweDaQbZY', 'fhjkf', 'fhj', 'fghj', 0, 'jfghj', 'fghj', '2022-04-12 20:27:59'),
(10, 'wmAhUCb4EQsurOH', 'gds', 'gh', 'g', 0, 'g', 'g', '2022-04-12 20:36:04'),
(11, '0IolFCv5146YTEA', 'hgggg', 'hhh', 'hh', 0, 'h', 'h', '2022-04-12 22:10:36'),
(12, 'iPTOdWE0x6aMSzC', 'v\'', 'f', 'f', 0, 'f', 'f', '2022-04-12 22:13:51');

-- --------------------------------------------------------

--
-- Table structure for table `feuille_chargement`
--

CREATE TABLE `feuille_chargement` (
  `id` int(100) NOT NULL,
  `feuille_id` int(100) NOT NULL,
  `parcel_id` varchar(255) NOT NULL,
  `chauffeur` varchar(100) NOT NULL,
  `depart` varchar(50) NOT NULL,
  `arrive` varchar(50) NOT NULL,
  `heure_vehicule` varchar(20) NOT NULL,
  `date_creation` date NOT NULL DEFAULT current_timestamp()
) ENGINE=InnoDB DEFAULT CHARSET=utf8mb4;

--
-- Dumping data for table `feuille_chargement`
--

INSERT INTO `feuille_chargement` (`id`, `feuille_id`, `parcel_id`, `chauffeur`, `depart`, `arrive`, `heure_vehicule`, `date_creation`) VALUES
(1, 2022000000, '23', 'hamid', 'Tetouan', 'tanger', '12:25', '2022-04-16'),
(2, 2022000000, '22', 'hamid', 'Tetouan', 'tanger', '12:25', '2022-04-16'),
(3, 2022000000, '21', 'hamid', 'Tetouan', 'tanger', '12:25', '2022-04-16'),
(4, 2022000000, '16', 'hamid', 'Tetouan', 'tanger', '12:25', '2022-04-16'),
(5, 2022000000, '13', 'hamid', 'Tetouan', 'tanger', '12:25', '2022-04-16'),
(6, 2022000001, '23', 'Said', 'Tetouan', 'Casablanca', '14:33', '2022-04-16'),
(7, 2022000001, '22', 'Said', 'Tetouan', 'Casablanca', '14:33', '2022-04-16'),
(8, 2022000001, '19', 'Said', 'Tetouan', 'Casablanca', '14:33', '2022-04-16'),
(9, 2022000001, '15', 'Said', 'Tetouan', 'Casablanca', '14:33', '2022-04-16'),
(10, 2022000001, '13', 'Said', 'Tetouan', 'Casablanca', '14:33', '2022-04-16'),
(11, 2022000002, '25', '', '', '', '', '2022-04-16'),
(12, 2022000002, '24', '', '', '', '', '2022-04-16'),
(13, 2022000002, '18', '', '', '', '', '2022-04-16'),
(14, 2022000003, '25', '', '', '', '', '2022-04-16'),
(15, 2022000004, '25', '', '', '', '', '2022-04-16'),
(16, 2022000005, '24', '', '', '', '', '2022-04-16'),
(17, 2022000006, '25', '', '', '', '', '2022-04-16'),
(18, 2022000006, '24', '', '', '', '', '2022-04-16'),
(19, 2022000006, '18', '', '', '', '', '2022-04-16'),
(20, 2022000007, '25', '', '', '', '', '2022-04-16'),
(21, 2022000007, '24', '', '', '', '', '2022-04-16'),
(22, 2022000007, '18', '', '', '', '', '2022-04-16'),
(23, 2022000008, '25', '', '', '', '', '2022-04-16'),
(24, 2022000009, '25', '', '', '', '', '2022-04-16'),
(25, 2022000010, '25', '', '', '', '', '2022-04-16'),
(26, 2022000011, '11', '10', '10', 'Tanger', '10', '2022-04-17'),
(27, 2022000012, '11', '10', '10', 'Tanger', '10', '2022-04-17'),
(28, 2022000013, '11', '10', '10', 'Tanger', '10', '2022-04-17'),
(29, 2022000014, '11', '10', '10', 'Tanger', '10', '2022-04-17'),
(30, 2022000015, '11', '', '', '', '', '2022-04-17'),
(31, 2022000016, '11', '10', 'Tetouan', 'Tanger', '10', '2022-04-17'),
(32, 2022000017, '11', '10', '10', 'Tanger', '10', '2022-04-17'),
(33, 2022000018, '11', '10', '10', 'Tanger', '10', '2022-04-17'),
(34, 2022000019, '11', '10', '10', 'Tanger', '10', '2022-04-17'),
(35, 2022000020, '11', '10', '10', 'Tanger', '10', '2022-04-17'),
(36, 2022000021, '11', '10', '10', 'Tanger', '10', '2022-04-17'),
(37, 2022000022, '11', '10', '10', 'Tanger', '10', '2022-04-17'),
(38, 2022000023, '11', 'Hamid', 'Tetouan', 'Tanger', '20:32', '2022-04-17'),
(39, 2022000023, '26', 'Hamid', 'Tetouan', 'Tanger', '20:32', '2022-04-17'),
(40, 2022000024, '27', 'aaaaaaa', 'aaaaaaa', 'Tanger', '20:32', '2022-04-22'),
(41, 2022000025, '33', '10', '10', 'Tanger', '10', '2022-04-23'),
(42, 2022000025, '32', '10', '10', 'Tanger', '10', '2022-04-23'),
(43, 2022000025, '31', '10', '10', 'Tanger', '10', '2022-04-23'),
(44, 2022000025, '30', '10', '10', 'Tanger', '10', '2022-04-23'),
(45, 2022000025, '29', '10', '10', 'Tanger', '10', '2022-04-23'),
(46, 2022000026, '33', '10', '10', 'Tanger', '10', '2022-04-23'),
(47, 2022000026, '32', '10', '10', 'Tanger', '10', '2022-04-23'),
(48, 2022000026, '31', '10', '10', 'Tanger', '10', '2022-04-23'),
(49, 2022000026, '30', '10', '10', 'Tanger', '10', '2022-04-23'),
(50, 2022000026, '29', '10', '10', 'Tanger', '10', '2022-04-23'),
(51, 2022000026, '34', '10', '10', 'Tanger', '10', '2022-04-23'),
(52, 2022000027, '33', '10', '10', 'Tanger', '10', '2022-04-23'),
(53, 2022000027, '32', '10', '10', 'Tanger', '10', '2022-04-23'),
(54, 2022000027, '31', '10', '10', 'Tanger', '10', '2022-04-23'),
(55, 2022000027, '30', '10', '10', 'Tanger', '10', '2022-04-23'),
(56, 2022000027, '29', '10', '10', 'Tanger', '10', '2022-04-23'),
(57, 2022000027, '34', '10', '10', 'Tanger', '10', '2022-04-23'),
(58, 2022000028, '33', '10', '10', 'Tanger', '10', '2022-04-23'),
(59, 2022000028, '32', '10', '10', 'Tanger', '10', '2022-04-23'),
(60, 2022000028, '31', '10', '10', 'Tanger', '10', '2022-04-23'),
(61, 2022000028, '30', '10', '10', 'Tanger', '10', '2022-04-23'),
(62, 2022000028, '29', '10', '10', 'Tanger', '10', '2022-04-23'),
(63, 2022000028, '34', '10', '10', 'Tanger', '10', '2022-04-23'),
(64, 2022000028, '40', '10', '10', 'Tanger', '10', '2022-04-23'),
(65, 2022000028, '39', '10', '10', 'Tanger', '10', '2022-04-23'),
(66, 2022000028, '38', '10', '10', 'Tanger', '10', '2022-04-23'),
(67, 2022000028, '37', '10', '10', 'Tanger', '10', '2022-04-23'),
(68, 2022000028, '36', '10', '10', 'Tanger', '10', '2022-04-23'),
(69, 2022000028, '35', '10', '10', 'Tanger', '10', '2022-04-23'),
(70, 2022000029, '33', '10', '10', 'Tanger', '10', '2022-04-23'),
(71, 2022000029, '32', '10', '10', 'Tanger', '10', '2022-04-23'),
(72, 2022000029, '31', '10', '10', 'Tanger', '10', '2022-04-23'),
(73, 2022000029, '30', '10', '10', 'Tanger', '10', '2022-04-23'),
(74, 2022000029, '29', '10', '10', 'Tanger', '10', '2022-04-23'),
(75, 2022000029, '34', '10', '10', 'Tanger', '10', '2022-04-23'),
(76, 2022000029, '40', '10', '10', 'Tanger', '10', '2022-04-23'),
(77, 2022000029, '39', '10', '10', 'Tanger', '10', '2022-04-23'),
(78, 2022000029, '38', '10', '10', 'Tanger', '10', '2022-04-23'),
(79, 2022000029, '37', '10', '10', 'Tanger', '10', '2022-04-23'),
(80, 2022000029, '36', '10', '10', 'Tanger', '10', '2022-04-23'),
(81, 2022000029, '35', '10', '10', 'Tanger', '10', '2022-04-23'),
(82, 2022000030, '33', '10', 'Tetouan', 'Tanger', '20:32', '2022-04-23'),
(83, 2022000030, '32', '10', 'Tetouan', 'Tanger', '20:32', '2022-04-23'),
(84, 2022000030, '31', '10', 'Tetouan', 'Tanger', '20:32', '2022-04-23'),
(85, 2022000030, '30', '10', 'Tetouan', 'Tanger', '20:32', '2022-04-23'),
(86, 2022000030, '29', '10', 'Tetouan', 'Tanger', '20:32', '2022-04-23'),
(87, 2022000030, '34', '10', 'Tetouan', 'Tanger', '20:32', '2022-04-23'),
(88, 2022000030, '40', '10', 'Tetouan', 'Tanger', '20:32', '2022-04-23'),
(89, 2022000030, '39', '10', 'Tetouan', 'Tanger', '20:32', '2022-04-23'),
(90, 2022000030, '38', '10', 'Tetouan', 'Tanger', '20:32', '2022-04-23'),
(91, 2022000030, '37', '10', 'Tetouan', 'Tanger', '20:32', '2022-04-23'),
(92, 2022000030, '36', '10', 'Tetouan', 'Tanger', '20:32', '2022-04-23'),
(93, 2022000030, '35', '10', 'Tetouan', 'Tanger', '20:32', '2022-04-23'),
(94, 2022000031, '43', 'Aziz', 'Tétouan', 'Tanger', '20:35', '2022-05-05'),
(95, 2022000031, '42', 'Aziz', 'Tétouan', 'Tanger', '20:35', '2022-05-05'),
(96, 2022000031, '41', 'Aziz', 'Tétouan', 'Tanger', '20:35', '2022-05-05'),
(97, 2022000031, '1', 'Aziz', 'Tétouan', 'Tanger', '20:35', '2022-05-05');

-- --------------------------------------------------------

--
-- Table structure for table `parcels`
--

CREATE TABLE `parcels` (
  `id` int(30) NOT NULL,
  `br_dec` varchar(255) NOT NULL,
  `reference` varchar(100) NOT NULL,
  `expedition_number` varchar(100) NOT NULL,
  `sender_name` text NOT NULL,
  `sender_id` varchar(100) NOT NULL,
  `sender_city` varchar(100) NOT NULL,
  `sender_address` text DEFAULT NULL,
  `sender_contact` text NOT NULL,
  `recipient_name` text NOT NULL,
  `recipient_cin` varchar(100) NOT NULL,
  `recipient_city` text NOT NULL,
  `recipient_address` text NOT NULL,
  `recipient_contact` text NOT NULL,
  `type` int(1) NOT NULL COMMENT '1=Domicile, 2=Agence',
  `type_expedition` int(1) NOT NULL COMMENT '1=Express, 2=Simple',
  `type_client` int(11) NOT NULL COMMENT '1=Société, 2=Particulier',
  `from_branch_id` varchar(30) NOT NULL,
  `to_branch_id` varchar(30) NOT NULL,
  `weight` float NOT NULL,
  `length` float NOT NULL,
  `width` float NOT NULL,
  `height` float NOT NULL,
  `number` int(11) NOT NULL,
  `note` longtext NOT NULL,
  `type_retour_de_fond` int(1) NOT NULL COMMENT '1=C/Espèce, 2=C/Chèque, 3=C/Traité',
  `price_retour_de_fond` float NOT NULL,
  `price_retour_bl` float NOT NULL,
  `price` float NOT NULL,
  `due_price` float NOT NULL,
  `payment_type` int(1) NOT NULL COMMENT '1=du, 2=payé',
  `status` int(2) NOT NULL DEFAULT 0,
  `date_created` datetime NOT NULL DEFAULT current_timestamp()
) ENGINE=InnoDB DEFAULT CHARSET=utf8mb4;

--
-- Dumping data for table `parcels`
--

INSERT INTO `parcels` (`id`, `br_dec`, `reference`, `expedition_number`, `sender_name`, `sender_id`, `sender_city`, `sender_address`, `sender_contact`, `recipient_name`, `recipient_cin`, `recipient_city`, `recipient_address`, `recipient_contact`, `type`, `type_expedition`, `type_client`, `from_branch_id`, `to_branch_id`, `weight`, `length`, `width`, `height`, `number`, `note`, `type_retour_de_fond`, `price_retour_de_fond`, `price_retour_bl`, `price`, `due_price`, `payment_type`, `status`, `date_created`) VALUES
(1, '0', '942017', '2022000031', 'a', 'a', 'a', 'a', 'a', 'a', 'a', 'Tanger', 'a', 'a', 1, 2, 0, '1', '1', 3, 0, 0, 0, 3, '', 0, 0, 0, 3, 0, 0, 1, '2022-03-27 00:57:51'),
(2, '0', '874070', '', 'popj', 'kpmkpk', 'k^pkkjoihj', 'kp', 'poijojoijp', 'ojpoijpoij', 'oijopijoijo', 'jopijoijoij', 'ijopijpoijpoi', 'opijopjoijoi', 2, 1, 0, '2', '2', 5, 0, 0, 0, 5, '', 0, 0, 0, 5.24, 0, 0, 2, '2022-03-27 01:05:16'),
(3, '0', '609014', '', 'k', 'k', 'k', 'k', 'k', 'k', 'k', 'k', 'k', 'k', 2, 2, 0, '1', '1', 5, 0, 0, 0, 5, '', 0, 0, 0, 5, 0, 0, 2, '2022-03-28 15:43:55'),
(4, '0', '149711', '', 'j', 'j', 'j', 'j', 'j', 'j', 'j', 'j', 'j', 'j', 1, 1, 0, '1', '1', 7, 0, 0, 0, 4475, '', 0, 0, 0, 54.14, 0, 0, 3, '2022-03-28 15:45:38'),
(5, '0', '410218', '', 'Aziz Hammoudi', 'ML845852', 'Tetouan', 'Lot sounanir 548 Avenue Saltanat oman', '0303232030', 'ihhpoiojoj ojojijoojioj', 'opkoomik4545', 'pojopihoiuh hihih oiuhoih', '54564564pîu poijopjpoijh oijhopij', 'iuhoihiohioh', 1, 2, 0, '1', '2', 10, 0, 0, 0, 20, '', 0, 0, 0, 2.36, 0, 0, 3, '2022-03-28 15:46:56'),
(6, '0', '537321', '', 'ytjtyj', 'dstyjedty', 'yjtyjety', 'jtdje', 'jteyjtjyet', 'tyjtyj', 'tyjy', 'yjte', 'jytyt', 'ytydj', 1, 1, 0, '1', '2', 10, 0, 0, 0, 2, '', 0, 0, 0, 20.45, 0, 0, 3, '2022-03-28 15:47:21'),
(7, '0', '405699', '', 'ml', 'ml', 'l', 'm', 'ml', 'ml', 'ml', 'ml', 'ml', 'm', 2, 2, 0, '1', '1', 4, 0, 0, 0, 4, '', 0, 0, 0, 4, 0, 0, 0, '2022-03-28 15:48:34'),
(8, '0', '083447', '', 'n', 'n', 'n', 'n', 'n', 'n', 'n', 'n', 'n', 'n', 2, 2, 0, '1', '2', 65, 0, 0, 0, 6, '', 0, 0, 0, 5, 0, 0, 0, '2022-03-28 15:48:50'),
(9, '0', '884903', '', 'b', 'b', 'n', 'b', 'j', 'mjlmlk', 'lmklmklk', 'kllkmlkklm', 'lklmklk', 'lkklkm', 2, 2, 0, '1', '1', 4, 0, 0, 0, 4, '', 0, 0, 0, 4, 0, 0, 4, '2022-03-28 15:49:10'),
(10, '0', '577417', '', 'oihouhh', 'oiuhoiuhuh', 'oiuhoiuhiouh', 'uihoihoiuh', 'oiuhiouhhiu', 'iouhhoiuhoiuiouh', 'huihuihiuo', 'hiuhiuhiuhiu', 'hiuhuihuhiuo', 'hiuhiuhiuhui', 2, 2, 0, '1', '2', 4, 0, 0, 0, 4, '', 0, 0, 0, 4, 0, 0, 1, '2022-03-28 15:49:30'),
(11, '0', '693816', '', 'ioug', 'gigioug', 'oiugoiugoiug', 'iougiougioug', 'giouiuiug', 'iuiuiuiou', 'iouiug', 'Tanger', 'giuouigguiiuo', 'iuggiuiuo', 2, 2, 0, '1', '1', 4, 0, 0, 0, 5, '', 0, 0, 0, 5, 0, 0, 1, '2022-03-28 15:50:07'),
(12, '0', '210702', '', 'po', 'po', 'op', 'o', 'op', 'op', 'po', 'Tanger', 'op', 'o', 1, 1, 0, '1', '2', 4, 0, 0, 0, 4, '', 0, 0, 0, 4, 0, 0, 1, '2022-03-28 15:50:36'),
(13, '0', '635911', '', 'uhoi', 'hio', 'iou', 'hoih', 'h', 'ui', 'houi', 'ouih', 'huih', 'ohuiu', 2, 1, 0, '1', '1', 4, 0, 0, 0, 5, '', 0, 0, 0, 5, 0, 0, 1, '2022-03-28 15:51:17'),
(14, '0', '799014', '', 'iogiug', 'iogoig', 'iuygiuyg', 'yguyg', 'iugiuyg', 'ouygiyug', 'iuygyug', 'yuiuy', 'iyugiygu', 'uyiigiuy', 1, 2, 0, '1', '1', 4, 0, 0, 0, 5, '', 0, 0, 0, 8, 0, 0, 1, '2022-03-28 15:51:44'),
(15, '0', '428067', '', 'm', 'm', 'm', 'm', 'm', 'm', 'm', 'm', 'm', 'm', 2, 2, 0, '1', '1', 45, 0, 0, 0, 45, '', 0, 0, 0, 45, 0, 0, 1, '2022-03-28 15:52:11'),
(16, '0', '319038', '', 'h', 'h', 'h', 'h', 'h', 'h', 'h', 'Tanger', 'h', 'h', 2, 2, 0, '1', '1', 4, 0, 0, 0, 4, '', 0, 0, 0, 4, 0, 0, 1, '2022-03-28 15:52:26'),
(17, '0', '794708', '', 'mlk', 'mlkm', 'lkk', 'lkm', 'pojo', 'ijo', 'ihj', 'gu', 'uhio', 'f', 2, 1, 0, '1', '2', 44, 0, 0, 0, 54, '', 0, 0, 0, 544.12, 0, 0, 1, '2022-03-28 15:53:31'),
(18, '0', '616363', '', 'nbv', 'n', 'nv', 'nv', 'n', 'vnv', 'jvjvjhv', 'Tanger', 'hvjhvjhv', 'kgkgv', 2, 2, 0, '1', '1', 54, 0, 0, 0, 5, '', 0, 0, 0, 6.36, 0, 0, 1, '2022-03-28 15:54:19'),
(19, '0', '768819', '', 'khblk', 'oih', 'poh', 'oph', 'opi', 'ho', 'ih', 'hoi', 'oiho', 'hpoih', 2, 2, 0, '1', '1', 654, 0, 0, 0, 6, '', 0, 0, 0, 20.21, 0, 0, 1, '2022-03-28 15:55:06'),
(20, '0', '449121', '', 'uygogi', 'pohpouhuiop', 'iouhiuhiuh', 'piuiuhiu', 'iuhiuhiuh', 'ohhpuh', 'pohpohiu', 'iuhiouh', 'piuhpiuhipu', 'uhiuhihu', 2, 1, 0, '1', '2', 10, 0, 0, 0, 50, '', 0, 0, 0, 2.5, 0, 0, 1, '2022-03-28 15:55:35'),
(21, '0', '661289', '', 'k', 'lkj', 'ljk', 'ljk', 'jlk', 'ljk', 'ljk', 'ljk', 'ljk', 'lkj', 2, 2, 0, '1', '2', 21, 0, 0, 0, 21, '', 0, 0, 0, 21.31, 0, 0, 1, '2022-03-28 16:00:35'),
(22, '0', '311333', '', 'lkm', 'jmkih', 'fytu', 'iguuyt', 'dyd', 'yurdiuy', 't', 'Tanger', 'dy', 'poiughoi', 1, 1, 0, '1', '1', 54, 0, 0, 0, 56454, '', 0, 0, 0, 54, 0, 0, 1, '2022-03-28 16:00:54'),
(23, '0', '330284', '', 'opijoij', 'oijoijoijoij', 'jhbibiob', 'oihiughiguyhkllk', 'iobibibib', 'iuoiubibihboib', 'iobio', 'Tanger', 'bio', 'biou', 2, 1, 0, '1', '1', 654, 0, 0, 0, 65465, '', 0, 0, 0, 4654, 0, 0, 1, '2022-03-28 16:01:31'),
(24, '0', '353530', '', 'poj', 'poij', 'poij', 'poij', 'poi', 'jpoij', 'oij', 'Tanger', 'pioj', 'poij', 2, 2, 0, '1', '2', 4, 0, 0, 0, 58, '', 0, 0, 0, 5, 0, 0, 1, '2022-03-28 16:01:47'),
(25, '', '505398235916', '', 'ml', 'ml', 'ml', 'ml', 'ml', 'mlml', 'ml', 'Tanger', 'ml', 'ml', 2, 2, 0, '1', '1', 21, 0, 0, 0, 21, '', 0, 0, 0, 21, 0, 0, 1, '2022-04-16 22:38:22'),
(26, '', '406494400762', '', 'h', 'h', 'h', 'h', 'h', 'h', 'h', 'tanger', 'h', '05413', 2, 2, 0, '1', '2', 10, 0, 0, 0, 50, '', 0, 0, 0, 50, 0, 0, 1, '2022-04-17 01:39:34'),
(27, '', '243556800852', '', 'pp', 'pp', 'pp', 'pp', 'pp', 'pp', 'pp', 'tanger', 'pp', 'pp', 2, 2, 0, '1', '2', 10, 0, 0, 0, 10, '', 0, 0, 0, 10, 0, 0, 1, '2022-04-22 23:29:09'),
(28, '', '110340022260', '', 'v', 'v', 'v', 'v', 'v', 'v', 'v', 'v', 'v', 'v', 2, 2, 0, '1', '1', 5, 1, 2, 3, 4, '', 0, 0, 0, 6, 0, 0, 0, '2022-04-22 23:43:39'),
(29, '', '219332075310', '2022000020', '9', '9', '9', '9', '9', '9', '9', 'tanger', '9', '9', 2, 2, 0, '1', '3', 5, 1, 2, 3, 4, 'Laisser dans la gare', 0, 0, 0, 6, 0, 0, 1, '2022-04-23 00:05:21'),
(30, '', '414333733613', '2022000019', '1', '1', '1', '1', '1', '1', '1', 'tanger', '1', '1', 2, 2, 0, '1', '1', 1, 1, 1, 1, 1, '11', 0, 0, 0, 1, 0, 2, 1, '2022-04-23 00:43:22'),
(31, '', '278454510992', '2022000018', '2', '2', '2', '2', '2', '2', '2', 'tanger', '2', '2', 2, 2, 0, '1', '1', 2, 2, 2, 2, 2, '2222', 0, 0, 0, 2, 0, 1, 1, '2022-04-23 00:44:21'),
(32, '', '776958736544', '2022000017', '3', '3', '3', '3', '3', '3', '3', 'tanger', '3', '3', 2, 2, 0, '1', '1', 3, 33, 3, 3, 3, '3', 0, 0, 0, 3, 0, 1, 1, '2022-04-23 00:58:36'),
(33, '', '864215390086', '2022000016', '4', '4', '4', '4', '4', '4', '4', 'tanger', '4', '4', 2, 2, 0, '1', '1', 4, 4, 4, 4, 4, '44', 0, 0, 0, 0, 1141, 1, 1, '2022-04-23 01:01:04'),
(34, '', '442800108089', '2022000021', '5', '5', '5', '5', '5', '5', '5', 'tanger', '5', '5', 2, 2, 0, '1', '1', 5, 5, 5, 5, 5, '5555555', 0, 5, 5, 5, 0, 2, 1, '2022-04-23 01:43:07'),
(35, '', '710156381510', '2022000027', '6', '6', '6', '6', '6', '6', '6', 'tanger', '6', '6', 2, 2, 0, '1', '1', 6, 6, 6, 6, 6, '66666', 2, 6, 6, 6, 0, 2, 1, '2022-04-23 02:12:05'),
(36, '', '568405786441', '2022000026', '6', '6', '6', '6', '6', '6', '6', 'tanger', '6', '6', 2, 2, 0, '1', '1', 6, 6, 6, 6, 6, '6', 3, 6, 6, 6, 0, 2, 1, '2022-04-23 02:18:28'),
(37, '', '773752699173', '2022000025', '6', '6', '6', '6', '6', '6', '6', 'tanger', '6', '6', 2, 2, 0, '1', '1', 6, 6, 6, 6, 6, '66', 0, 6, 6, 6, 0, 2, 1, '2022-04-23 02:19:25'),
(38, '6', '637752475714', '2022000024', '66', '6', '6', '6', '6', '6', '6', 'tanger', '6', '6', 2, 2, 0, '1', '1', 6, 6, 6, 6, 6, '666', 0, 6, 6, 6, 0, 2, 1, '2022-04-23 02:20:26'),
(39, '7', '919746044932', '2022000023', '7', '7', '7', '7', '7', '7', '7', 'tanger', '7', '7', 2, 2, 0, '1', '1', 7, 7, 7, 7, 7, '7', 2, 7, 7, 7, 0, 2, 1, '2022-04-23 02:21:15'),
(40, '6', '520868432724', '2022000022', '8', '8', '8', '8', '8', '8', '8', 'tanger', '8', '8', 1, 1, 0, '1', '1', 8, 8, 8, 8, 8, '8', 0, 8, 8, 0, 8, 1, 1, '2022-04-23 02:22:38'),
(41, '9', '561142869644', '2022000030', '99', '9', '9', '9', '9', '9', '9', 'tanger', '99', '9', 2, 2, 0, '1', '1', 9, 9, 9, 9, 9, '9', 2, 999, 999, 9, 0, 2, 1, '2022-04-23 03:02:09'),
(42, '8', '914165523105', '2022000029', '88', '88', '88', '88', '88', '88', '88', 'tanger', '88', '88', 2, 2, 0, '1', '1', 88, 8, 8, 8, 88, '888', 3, 8888, 888, 8, 0, 2, 1, '2022-04-23 03:10:40'),
(43, 'BRC45873', '969060071192', '2022000028', 'Aziz', 'h', 'h', 'h', 'h', 'SAADAAAANi', 'h', 'tanger', 'h', '00000', 1, 2, 1, '1', '1', 20, 20, 20, 20, 10, 'This package better be cleaaaaaaan', 3, 20, 202, 0, 0, 2, 1, '2022-04-24 22:50:17');

-- --------------------------------------------------------

--
-- Table structure for table `parcel_tracks`
--

CREATE TABLE `parcel_tracks` (
  `id` int(30) NOT NULL,
  `parcel_id` int(30) NOT NULL,
  `status` int(2) NOT NULL COMMENT '0=Enregistré, 1=Envoyé, 2=Gars, 3=Domicile',
  `user_id` int(11) NOT NULL,
  `date_created` datetime NOT NULL DEFAULT current_timestamp()
) ENGINE=InnoDB DEFAULT CHARSET=utf8mb4;

--
-- Dumping data for table `parcel_tracks`
--

INSERT INTO `parcel_tracks` (`id`, `parcel_id`, `status`, `user_id`, `date_created`) VALUES
(1, 1, 0, 1, '2022-03-27 00:57:51'),
(2, 2, 0, 3, '2022-03-27 01:05:16'),
(7, 2, 1, 1, '2022-03-28 15:43:42'),
(8, 3, 0, 1, '2022-03-28 15:43:55'),
(9, 4, 0, 1, '2022-03-28 15:45:38'),
(10, 5, 0, 1, '2022-03-28 15:46:56'),
(11, 6, 0, 1, '2022-03-28 15:47:21'),
(12, 6, 1, 1, '2022-03-28 15:47:28'),
(13, 5, 1, 1, '2022-03-28 15:47:32'),
(14, 4, 1, 1, '2022-03-28 15:47:35'),
(15, 6, 3, 1, '2022-03-28 15:47:41'),
(16, 4, 3, 1, '2022-03-28 15:47:45'),
(17, 5, 3, 1, '2022-03-28 15:47:52'),
(18, 2, 2, 1, '2022-03-28 15:47:59'),
(19, 3, 1, 1, '2022-03-28 15:48:07'),
(20, 3, 2, 1, '2022-03-28 15:48:11'),
(21, 7, 0, 1, '2022-03-28 15:48:34'),
(22, 8, 0, 1, '2022-03-28 15:48:50'),
(23, 9, 0, 1, '2022-03-28 15:49:10'),
(24, 10, 0, 1, '2022-03-28 15:49:30'),
(25, 11, 0, 1, '2022-03-28 15:50:07'),
(26, 0, 0, 1, '2022-03-28 15:50:21'),
(27, 12, 0, 1, '2022-03-28 15:50:36'),
(28, 0, 0, 1, '2022-03-28 15:50:58'),
(29, 13, 0, 1, '2022-03-28 15:51:17'),
(30, 14, 0, 1, '2022-03-28 15:51:44'),
(31, 15, 0, 1, '2022-03-28 15:52:11'),
(32, 16, 0, 1, '2022-03-28 15:52:26'),
(33, 17, 0, 1, '2022-03-28 15:53:31'),
(34, 18, 0, 1, '2022-03-28 15:54:19'),
(35, 19, 0, 1, '2022-03-28 15:55:06'),
(36, 20, 0, 1, '2022-03-28 15:55:35'),
(37, 21, 0, 1, '2022-03-28 16:00:35'),
(38, 22, 0, 1, '2022-03-28 16:00:54'),
(39, 23, 0, 1, '2022-03-28 16:01:31'),
(40, 24, 0, 1, '2022-03-28 16:01:47'),
(41, 24, 1, 1, '2022-03-28 16:03:00'),
(42, 23, 1, 1, '2022-03-28 16:03:03'),
(43, 22, 1, 1, '2022-03-28 16:03:06'),
(44, 21, 1, 1, '2022-03-28 16:03:09'),
(45, 20, 1, 1, '2022-03-28 16:03:12'),
(46, 19, 1, 1, '2022-03-28 16:03:16'),
(47, 17, 1, 1, '2022-03-28 16:03:22'),
(48, 16, 1, 1, '2022-03-28 16:03:26'),
(49, 15, 1, 1, '2022-03-28 16:03:29'),
(50, 13, 1, 1, '2022-03-28 16:03:32'),
(51, 21, 0, 3, '2022-03-28 16:04:15'),
(52, 20, 0, 3, '2022-03-28 16:04:18'),
(53, 17, 0, 3, '2022-03-28 16:04:21'),
(54, 24, 0, 1, '2022-03-30 18:42:26'),
(55, 24, 1, 1, '2022-03-30 18:50:44'),
(56, 24, 0, 2, '2022-03-30 18:51:32'),
(57, 24, 1, 2, '2022-03-30 18:54:31'),
(58, 24, 0, 1, '2022-03-30 18:55:26'),
(59, 24, 1, 1, '2022-03-30 18:55:49'),
(60, 24, 0, 1, '2022-03-30 18:56:04'),
(61, 24, 1, 1, '2022-03-30 18:56:11'),
(62, 24, 0, 1, '2022-03-30 18:56:19'),
(63, 24, 1, 1, '2022-03-30 18:57:10'),
(64, 24, 2, 1, '2022-03-30 18:57:15'),
(65, 21, 1, 1, '2022-03-30 20:33:53'),
(66, 0, 0, 1, '2022-03-31 22:09:41'),
(67, 24, 0, 1, '2022-03-31 22:10:54'),
(68, 24, 1, 1, '2022-04-03 00:18:26'),
(69, 24, 0, 3, '2022-04-04 21:24:00'),
(70, 25, 0, 1, '2022-04-16 22:38:23'),
(71, 25, 1, 1, '2022-04-16 22:39:58'),
(72, 24, 1, 1, '2022-04-16 22:46:20'),
(73, 10, 1, 1, '2022-04-16 22:46:23'),
(74, 17, 1, 1, '2022-04-16 22:46:26'),
(75, 20, 1, 1, '2022-04-16 22:46:29'),
(76, 0, 0, 1, '2022-04-16 23:05:17'),
(77, 0, 0, 1, '2022-04-16 23:05:28'),
(78, 0, 0, 1, '2022-04-16 23:05:38'),
(79, 0, 0, 1, '2022-04-16 00:05:46'),
(80, 18, 1, 1, '2022-04-16 23:15:56'),
(81, 0, 0, 1, '2022-04-16 23:16:05'),
(82, 12, 1, 1, '2022-04-16 23:16:35'),
(83, 14, 1, 1, '2022-04-16 23:16:45'),
(84, 0, 0, 1, '2022-04-16 23:17:08'),
(85, 0, 0, 1, '2022-04-16 23:20:07'),
(86, 0, 0, 1, '2022-04-16 23:20:15'),
(87, 0, 0, 1, '2022-04-17 00:52:14'),
(88, 11, 1, 1, '2022-04-17 00:52:20'),
(89, 26, 0, 1, '2022-04-17 01:39:34'),
(90, 26, 1, 1, '2022-04-17 01:39:46'),
(91, 9, 4, 1, '2022-04-17 02:23:12'),
(92, 27, 0, 1, '2022-04-22 23:29:09'),
(93, 27, 1, 1, '2022-04-22 23:29:34'),
(94, 28, 0, 1, '2022-04-22 23:43:39'),
(95, 29, 0, 1, '2022-04-23 00:05:22'),
(96, 30, 0, 1, '2022-04-23 00:43:22'),
(97, 31, 0, 1, '2022-04-23 00:44:21'),
(98, 32, 0, 1, '2022-04-23 00:58:36'),
(99, 33, 0, 1, '2022-04-23 01:01:04'),
(100, 33, 1, 1, '2022-04-23 01:16:37'),
(101, 32, 1, 1, '2022-04-23 01:16:41'),
(102, 31, 1, 1, '2022-04-23 01:16:45'),
(103, 30, 1, 1, '2022-04-23 01:16:48'),
(104, 29, 1, 1, '2022-04-23 01:16:52'),
(105, 34, 0, 1, '2022-04-23 01:43:07'),
(106, 34, 1, 1, '2022-04-23 01:43:13'),
(107, 35, 0, 1, '2022-04-23 02:12:05'),
(108, 36, 0, 1, '2022-04-23 02:18:28'),
(109, 37, 0, 1, '2022-04-23 02:19:25'),
(110, 38, 0, 1, '2022-04-23 02:20:26'),
(111, 39, 0, 1, '2022-04-23 02:21:15'),
(112, 40, 0, 1, '2022-04-23 02:22:38'),
(113, 40, 1, 1, '2022-04-23 02:29:12'),
(114, 39, 1, 1, '2022-04-23 02:29:15'),
(115, 38, 1, 1, '2022-04-23 02:29:19'),
(116, 37, 1, 1, '2022-04-23 02:29:22'),
(117, 36, 1, 1, '2022-04-23 02:29:25'),
(118, 35, 1, 1, '2022-04-23 02:29:29'),
(119, 41, 0, 1, '2022-04-23 03:02:09'),
(120, 42, 0, 1, '2022-04-23 03:10:41'),
(121, 43, 0, 1, '2022-04-24 22:50:17'),
(122, 0, 0, 1, '2022-04-24 22:50:48'),
(123, 0, 0, 1, '2022-04-24 22:52:30'),
(124, 0, 0, 1, '2022-04-24 22:54:48'),
(125, 0, 0, 1, '2022-04-24 22:55:24'),
(126, 0, 0, 1, '2022-04-24 22:55:53'),
(127, 0, 0, 1, '2022-04-24 22:56:42'),
(128, 0, 0, 1, '2022-04-24 22:57:15'),
(129, 0, 0, 1, '2022-04-24 22:58:02'),
(130, 0, 0, 1, '2022-04-24 23:00:45'),
(131, 0, 0, 1, '2022-04-24 23:00:53'),
(132, 0, 0, 1, '2022-04-24 23:01:08'),
(133, 0, 0, 1, '2022-04-24 23:01:39'),
(134, 43, 1, 1, '2022-05-05 22:41:28'),
(135, 42, 1, 1, '2022-05-05 22:41:33'),
(136, 41, 1, 1, '2022-05-05 22:41:36'),
(137, 1, 1, 1, '2022-05-05 22:41:40');

-- --------------------------------------------------------

--
-- Table structure for table `users`
--

CREATE TABLE `users` (
  `id` int(30) NOT NULL,
  `firstname` varchar(200) NOT NULL,
  `lastname` varchar(200) NOT NULL,
  `cin` varchar(200) NOT NULL,
  `email` varchar(200) NOT NULL,
  `password` text NOT NULL,
  `type` tinyint(1) NOT NULL DEFAULT 2 COMMENT '1 = admin, 2 = staff',
  `branch_id` int(30) NOT NULL,
  `date_created` datetime NOT NULL DEFAULT current_timestamp()
) ENGINE=InnoDB DEFAULT CHARSET=utf8mb4;

--
-- Dumping data for table `users`
--

INSERT INTO `users` (`id`, `firstname`, `lastname`, `cin`, `email`, `password`, `type`, `branch_id`, `date_created`) VALUES
(1, 'Admin', 'A', 'LM666589', 'admin@a.a', '$2y$10$.Ef6aowpbDuYYSB7Se141.J7/mHRUdgn.SZnaW1nqkdeypSH6.9dC', 1, 1, '2022-03-27 00:55:42'),
(2, 'Hamza', 'El Khatib', '', 'a@a.a', '$2y$10$biFV7HkCTVWUsQvdiTElA.dOjrttvJnByN/fE/.122yynSAkQ/r5i', 2, 1, '2022-03-27 01:02:28'),
(3, 'Hamid', 'Azouzi', '', 'u@u.u', '$2y$10$kNCGDr0aUbU3UBZKQrQnhubbnOsDEicZ.bODwq7DKx2iBcA0KSbby', 2, 2, '2022-03-27 01:02:52');

--
-- Indexes for dumped tables
--

--
-- Indexes for table `branches`
--
ALTER TABLE `branches`
  ADD PRIMARY KEY (`id`);

--
-- Indexes for table `feuille_chargement`
--
ALTER TABLE `feuille_chargement`
  ADD PRIMARY KEY (`id`);

--
-- Indexes for table `parcels`
--
ALTER TABLE `parcels`
  ADD PRIMARY KEY (`id`);

--
-- Indexes for table `parcel_tracks`
--
ALTER TABLE `parcel_tracks`
  ADD PRIMARY KEY (`id`);

--
-- Indexes for table `users`
--
ALTER TABLE `users`
  ADD PRIMARY KEY (`id`);

--
-- AUTO_INCREMENT for dumped tables
--

--
-- AUTO_INCREMENT for table `branches`
--
ALTER TABLE `branches`
  MODIFY `id` int(30) NOT NULL AUTO_INCREMENT, AUTO_INCREMENT=13;

--
-- AUTO_INCREMENT for table `feuille_chargement`
--
ALTER TABLE `feuille_chargement`
  MODIFY `id` int(100) NOT NULL AUTO_INCREMENT, AUTO_INCREMENT=98;

--
-- AUTO_INCREMENT for table `parcels`
--
ALTER TABLE `parcels`
  MODIFY `id` int(30) NOT NULL AUTO_INCREMENT, AUTO_INCREMENT=44;

--
-- AUTO_INCREMENT for table `parcel_tracks`
--
ALTER TABLE `parcel_tracks`
  MODIFY `id` int(30) NOT NULL AUTO_INCREMENT, AUTO_INCREMENT=138;

--
-- AUTO_INCREMENT for table `users`
--
ALTER TABLE `users`
  MODIFY `id` int(30) NOT NULL AUTO_INCREMENT, AUTO_INCREMENT=4;
COMMIT;

/*!40101 SET CHARACTER_SET_CLIENT=@OLD_CHARACTER_SET_CLIENT */;
/*!40101 SET CHARACTER_SET_RESULTS=@OLD_CHARACTER_SET_RESULTS */;
/*!40101 SET COLLATION_CONNECTION=@OLD_COLLATION_CONNECTION */;
